{
  "checkpoint_step": 58335232,
  "model_name": "roneneldan/TinyStories-33M",
  "hook_name": "blocks.2.hook_mlp_out",
  "d_sae": 12288,
  "d_in": 768,
  "top_100_features": [
    7715,
    687,
    2332,
    9048,
    1032,
    3639,
    7999,
    11957,
    1190,
    11202,
    6301,
    7324,
    2196,
    5681,
    7035,
    12099,
    8590,
    11820,
    11025,
    5608,
    5122,
    11429,
    9821,
    11931,
    2470,
    10834,
    7785,
    10596,
    9071,
    7221,
    6977,
    5353,
    10027,
    146,
    2809,
    5750,
    9522,
    9683,
    7797,
    3652,
    936,
    4508,
    4250,
    5574,
    11766,
    8655,
    5301,
    3089,
    10220,
    8582,
    325,
    2720,
    3467,
    3513,
    5801,
    428,
    9508,
    519,
    3830,
    12062,
    900,
    5602,
    638,
    5244,
    6118,
    12259,
    5582,
    8956,
    8654,
    7061,
    6699,
    2390,
    1971,
    10776,
    12094,
    3812,
    8944,
    1489,
    5586,
    1369,
    1208,
    3759,
    2120,
    3152,
    9165,
    3122,
    6365,
    6954,
    8714,
    10673,
    6520,
    7311,
    10944,
    1245,
    130,
    649,
    6329,
    1142,
    10809,
    6702
  ],
  "top_100_activations": [
    3132.60546875,
    318.77838134765625,
    265.9401550292969,
    234.911376953125,
    228.22604370117188,
    145.05990600585938,
    144.63775634765625,
    112.48104095458984,
    112.37355041503906,
    98.46366882324219,
    97.93799591064453,
    95.56671142578125,
    88.40294647216797,
    85.96101379394531,
    85.0085678100586,
    84.1663818359375,
    80.72969055175781,
    79.58980560302734,
    79.55839538574219,
    78.11396789550781,
    75.52118682861328,
    66.2293701171875,
    62.9830322265625,
    62.458797454833984,
    62.44804763793945,
    60.84274673461914,
    60.56130599975586,
    60.5329704284668,
    56.38344955444336,
    55.08226013183594,
    54.97364807128906,
    54.81098937988281,
    54.30638885498047,
    51.83818817138672,
    51.17361068725586,
    49.094085693359375,
    48.768611907958984,
    47.55113220214844,
    47.3768196105957,
    47.30937194824219,
    46.901248931884766,
    46.355918884277344,
    45.8299446105957,
    45.71379852294922,
    45.457855224609375,
    45.44923400878906,
    45.18330383300781,
    45.138694763183594,
    45.034690856933594,
    44.99675750732422,
    44.96330642700195,
    44.94544219970703,
    44.48169708251953,
    44.15041732788086,
    43.935707092285156,
    43.709739685058594,
    42.137657165527344,
    41.945098876953125,
    41.253883361816406,
    41.220481872558594,
    40.98194122314453,
    40.541648864746094,
    40.5101203918457,
    40.4288330078125,
    39.717594146728516,
    39.55417251586914,
    39.3426399230957,
    39.24224090576172,
    39.203834533691406,
    38.563377380371094,
    38.50647735595703,
    38.3959846496582,
    37.58302307128906,
    36.572940826416016,
    36.36956787109375,
    36.36492919921875,
    36.17015075683594,
    35.992286682128906,
    35.83717346191406,
    35.53741455078125,
    35.53392028808594,
    34.70522689819336,
    34.384246826171875,
    34.23416519165039,
    33.99953079223633,
    33.65846633911133,
    33.426841735839844,
    32.93487548828125,
    32.59608459472656,
    32.53727722167969,
    32.33697509765625,
    31.878995895385742,
    31.784812927246094,
    31.777259826660156,
    31.60166358947754,
    31.59516143798828,
    31.32098388671875,
    31.264768600463867,
    31.262176513671875,
    31.205623626708984
  ],
  "sample_texts": [
    "One day, a little girl named Lily found a needle in her room. She knew it was difficult to play with it because it was sharp. Lily wanted to share the needle with her mom, so she could sew a button on her shirt.\n\nLily went to her mom and said, \"Mom, I found this needle. Can you share it with me and sew my shirt?\" Her mom smiled and said, \"Yes, Lily, we can share the needle and fix your shirt.\"\n\nTogether, they shared the needle and sewed the button on Lily's shirt. It was not difficult for them b",
    "Once upon a time, there was a little car named Beep. Beep loved to go fast and play in the sun. Beep was a healthy car because he always had good fuel. Good fuel made Beep happy and strong.\n\nOne day, Beep was driving in the park when he saw a big tree. The tree had many leaves that were falling. Beep liked how the leaves fall and wanted to play with them. Beep drove under the tree and watched the leaves fall on him. He laughed and beeped his horn.\n\nBeep played with the falling leaves all day. Wh",
    "One day, a little fish named Fin was swimming near the shore. He saw a big crab and wanted to be friends. \"Hi, I am Fin. Do you want to play?\" asked the little fish. The crab looked at Fin and said, \"No, I don't want to play. I am cold and I don't feel fine.\"\n\nFin felt sad but wanted to help the crab feel better. He swam away and thought of a plan. He remembered that the sun could make things warm. So, Fin swam to the top of the water and called to the sun, \"Please, sun, help my new friend feel ",
    "Once upon a time, in a land full of trees, there was a little cherry tree. The cherry tree was very sad because it did not have any friends. All the other trees were big and strong, but the cherry tree was small and weak. The cherry tree was envious of the big trees.\n\nOne day, the cherry tree felt a tickle in its branches. It was a little spring wind. The wind told the cherry tree not to be sad. The wind said, \"You are special because you have sweet cherries that everyone loves.\" The cherry tree",
    "Once upon a time, there was a little girl named Lily. Lily liked to pretend she was a popular princess. She lived in a big castle with her best friends, a cat and a dog.\n\nOne day, while playing in the castle, Lily found a big cobweb. The cobweb was in the way of her fun game. She wanted to get rid of it, but she was scared of the spider that lived there.\n\nLily asked her friends, the cat and the dog, to help her. They all worked together to clean the cobweb. The spider was sad, but it found a new",
    "Once upon a time, in a big lake, there was a brown kayak. The brown kayak liked to roll in the water all day long. It was very happy when it could roll and splash in the lake.\n\nOne day, a little boy named Tim came to play with the brown kayak. Tim and the brown kayak rolled in the water together. They laughed and had a lot of fun. The sun was shining, and the water was warm.\n\nAfter a while, it was time for Tim to go home. He said goodbye to the brown kayak and gave it a big hug. The brown kayak ",
    "Once upon a time, in a small town, there was a troubled little girl named Lily. She was always sad because she lost her favorite toy, a triangle. She looked everywhere in her house but could not find it.\n\nOne sunny day, Lily went to the park to play. She saw a big puddle of water and thought her triangle might be there. She put her hand in the water to soak it and looked for her toy. She felt something at the bottom of the puddle.\n\nLily pulled it out and saw that it was her triangle! She was so ",
    "Once upon a time, in a peaceful town, there lived a little boy named Tim. Tim loved to run and play outside. One day, Tim saw a race in the park. He was excited and wanted to join the race.\n\nTim went to his friend, Sarah, and said, \"Let's start the race!\" Sarah smiled and said, \"Yes, let's go!\" They lined up with the other kids and waited for the race to begin. When they heard the word \"Go!\", they started running as fast as they could.\n\nTim and Sarah ran with all their speed, laughing and having",
