{
  "checkpoint_step": 58335232,
  "model_name": "roneneldan/TinyStories-33M",
  "hook_name": "blocks.2.hook_mlp_out",
  "d_sae": 12288,
  "d_in": 768,
  "top_features": [
    7715,
    2332,
    687,
    9048,
    1032,
    7999,
    1190,
    11957,
    3639,
    6301,
    11202,
    5608,
    2196,
    12099,
    5122,
    11429,
    8655,
    5353,
    2720,
    3652,
    11025,
    8590,
    11931,
    10834,
    7785,
    936,
    1489,
    9821,
    7061,
    3089,
    146,
    11766,
    8956,
    2470,
    6891,
    325,
    2809,
    6702,
    3812,
    5301,
    7797,
    5542,
    8582,
    5582,
    8654,
    2390,
    12094,
    6329,
    9071,
    4508
  ],
  "top_activations": [
    5842.44970703125,
    516.870849609375,
    505.2633361816406,
    486.3658447265625,
    384.2620849609375,
    346.45452880859375,
    246.52349853515625,
    221.24586486816406,
    218.4660186767578,
    199.38848876953125,
    198.83599853515625,
    186.12501525878906,
    174.556396484375,
    163.97068786621094,
    162.38247680664062,
    121.38259887695312,
    117.39876556396484,
    115.6483154296875,
    113.86673736572266,
    112.02783203125,
    105.75980377197266,
    105.06563568115234,
    103.36531066894531,
    100.59390258789062,
    100.11627960205078,
    100.04866790771484,
    99.20869445800781,
    99.14968872070312,
    98.70760345458984,
    98.21258544921875,
    98.13044738769531,
    97.74893188476562,
    93.80174255371094,
    93.43806457519531,
    93.29571533203125,
    92.78362274169922,
    90.66232299804688,
    90.06317138671875,
    89.06221008300781,
    88.83850860595703,
    88.38404846191406,
    87.14661407470703,
    86.79473876953125,
    85.2042007446289,
    83.85624694824219,
    83.01507568359375,
    82.97199249267578,
    82.42330932617188,
    81.82697296142578,
    81.106689453125
  ],
  "sample_texts": [
    "One day, a little girl named Lily found a needle in her room. She knew it was difficult to play with it because it was sharp. Lily wanted to share the needle with her mom, so she could sew a button on her shirt.\n\nLily went to her mom and said, \"Mom, I found this needle. Can you share it with me and sew my shirt?\" Her mom smiled and said, \"Yes, Lily, we can share the needle and fix your shirt.\"\n\nTogether, they shared the needle and sewed the button on Lily's shirt. It was not difficult for them because they were sharing and helping each other. After they finished, Lily thanked her mom for sharing the needle and fixing her shirt. They both felt happy because they had shared and worked together.",
    "Once upon a time, there was a little car named Beep. Beep loved to go fast and play in the sun. Beep was a healthy car because he always had good fuel. Good fuel made Beep happy and strong.\n\nOne day, Beep was driving in the park when he saw a big tree. The tree had many leaves that were falling. Beep liked how the leaves fall and wanted to play with them. Beep drove under the tree and watched the leaves fall on him. He laughed and beeped his horn.\n\nBeep played with the falling leaves all day. When it was time to go home, Beep knew he needed more fuel. He went to the fuel place and got more healthy fuel. Now, Beep was ready to go fast and play again the next day. And Beep lived happily ever after.",
    "One day, a little fish named Fin was swimming near the shore. He saw a big crab and wanted to be friends. \"Hi, I am Fin. Do you want to play?\" asked the little fish. The crab looked at Fin and said, \"No, I don't want to play. I am cold and I don't feel fine.\"\n\nFin felt sad but wanted to help the crab feel better. He swam away and thought of a plan. He remembered that the sun could make things warm. So, Fin swam to the top of the water and called to the sun, \"Please, sun, help my new friend feel fine and not freeze!\"\n\nThe sun heard Fin's call and shone its warm light on the shore. The crab started to feel better and not so cold. He saw Fin and said, \"Thank you, little fish, for making me feel fine. I don't feel like I will freeze now. Let's play together!\" And so, Fin and the crab played and became good friends.",
    "Once upon a time, in a land full of trees, there was a little cherry tree. The cherry tree was very sad because it did not have any friends. All the other trees were big and strong, but the cherry tree was small and weak. The cherry tree was envious of the big trees.\n\nOne day, the cherry tree felt a tickle in its branches. It was a little spring wind. The wind told the cherry tree not to be sad. The wind said, \"You are special because you have sweet cherries that everyone loves.\" The cherry tree started to feel a little better.\n\nAs time went on, the cherry tree grew more and more cherries. All the animals in the land came to eat the cherries and play under the cherry tree. The cherry tree was happy because it had many friends now. The cherry tree learned that being different can be a good thing. And they all lived happily ever after.",
    "Once upon a time, there was a little girl named Lily. Lily liked to pretend she was a popular princess. She lived in a big castle with her best friends, a cat and a dog.\n\nOne day, while playing in the castle, Lily found a big cobweb. The cobweb was in the way of her fun game. She wanted to get rid of it, but she was scared of the spider that lived there.\n\nLily asked her friends, the cat and the dog, to help her. They all worked together to clean the cobweb. The spider was sad, but it found a new home outside. Lily, the cat, and the dog were happy they could play without the cobweb in the way. And they all lived happily ever after.",
    "Once upon a time, in a big lake, there was a brown kayak. The brown kayak liked to roll in the water all day long. It was very happy when it could roll and splash in the lake.\n\nOne day, a little boy named Tim came to play with the brown kayak. Tim and the brown kayak rolled in the water together. They laughed and had a lot of fun. The sun was shining, and the water was warm.\n\nAfter a while, it was time for Tim to go home. He said goodbye to the brown kayak and gave it a big hug. The brown kayak was sad to see Tim go, but it knew they would play together again soon. So, the brown kayak kept rolling in the water, waiting for the next fun day with Tim.",
    "Once upon a time, in a small town, there was a troubled little girl named Lily. She was always sad because she lost her favorite toy, a triangle. She looked everywhere in her house but could not find it.\n\nOne sunny day, Lily went to the park to play. She saw a big puddle of water and thought her triangle might be there. She put her hand in the water to soak it and looked for her toy. She felt something at the bottom of the puddle.\n\nLily pulled it out and saw that it was her triangle! She was so happy that she found it. From that day on, Lily was never troubled again. She played with her triangle every day and always kept it close to her. And when she saw puddles, she would smile and remember how she found her toy.",
    "Once upon a time, in a peaceful town, there lived a little boy named Tim. Tim loved to run and play outside. One day, Tim saw a race in the park. He was excited and wanted to join the race.\n\nTim went to his friend, Sarah, and said, \"Let's start the race!\" Sarah smiled and said, \"Yes, let's go!\" They lined up with the other kids and waited for the race to begin. When they heard the word \"Go!\", they started running as fast as they could.\n\nTim and Sarah ran with all their speed, laughing and having fun. They could feel the wind in their hair as they raced to the finish line. In the end, Tim won the race and Sarah came in second. They were both so happy and proud of themselves. They celebrated with their friends and had a great day at the park.",
